track_id,track_name,artist(s)_name,artist_count,released_year,released_month,released_day,in_spotify_playlists,in_spotify_charts,streams
4082370,Seven (feat. Latto) (Explicit Ver.),"Latto, Jung Kook",2,2023,7,14,553,147,141381703
6247887,LALA,Myke Towers,1,2023,3,23,1474,48,133716286
6974739,vampire,Olivia Rodrigo,1,2023,6,30,1397,113,140003974
2362023,Cruel Summer,Taylor Swift,1,2019,8,23,7858,100,800840817
4386478,WHERE SHE GOES,Bad Bunny,1,2023,5,18,3133,50,303236322
5031502,Sprinter,"Dave, Central Cee",2,2023,6,1,2186,91,183706234
1892693,Ella Baila Sola,"Eslabon Armado, Peso Pluma",2,2023,3,16,3090,50,725980112
7366228,Columbia,Quevedo,1,2023,7,7,714,43,58149378
5563881,fukumean,Gunna,1,2023,5,15,1096,83,95217315
5586506,La Bebe - Remix,"Peso Pluma, Yng Lvcas",2,2023,3,17,2953,44,553634067
1197669,un x100to,"Bad Bunny, Grupo Frontera",2,2023,4,17,2876,40,505671438
7016313,Super Shy,NewJeans,1,2023,7,7,422,55,58255150
7662572,Flowers,Miley Cyrus,1,2023,1,12,12211,115,1316855716
5374189,Daylight,David Kushner,1,2023,4,14,3528,98,387570742
3197174,As It Was,Harry Styles,1,2022,3,31,23575,130,2513188493
5025330,Kill Bill,SZA,1,2022,12,8,8109,77,1163093654
2013796,Cupid - Twin Ver.,Fifty Fifty,1,2023,2,24,2942,77,496795686
1404326,"What Was I Made For? [From The Motion Picture ""Barbie""]",Billie Eilish,1,2023,7,13,873,104,30546883
6456333,Classy 101,"Feid, Young Miko",2,2023,3,31,2610,40,335222234
8091023,Like Crazy,Jimin,1,2023,3,24,596,68,363369738
6452995,LADY GAGA,"Gabito Ballesteros, Junior H, Peso Pluma",3,2023,6,22,332,26,86444842
7529779,I Can See You (Taylor���s Version) (From The,Taylor Swift,1,2023,7,7,516,38,52135248
1406287,I Wanna Be Yours,Arctic Monkeys,1,2013,1,1,12859,110,1297026226
7757967,"Peso Pluma: Bzrp Music Sessions, Vol. 55","Bizarrap, Peso Pluma",2,2023,5,31,1313,40,200647221
5420196,Popular (with Playboi Carti & Madonna) - The Idol Vol. 1 (Music from the HBO Original Series),"The Weeknd, Madonna, Playboi Carti",3,2023,6,2,1945,87,115364561
7510507,SABOR FRESA,Fuerza Regida,1,2023,6,22,250,26,78300654
3448376,Calm Down (with Selena Gomez),"R��ma, Selena G",2,2022,3,25,7112,77,899183384
4576591,MOJABI GHOST,"Tainy, Bad Bunny",2,2023,6,29,859,40,61245289
3252628,Last Night,Morgan Wallen,1,2023,1,31,2420,19,429829812
5310138,Dance The Night (From Barbie The Album),Dua Lipa,1,2023,5,25,2988,101,127408954
2808274,Rush,Troye Sivan,1,2023,7,13,864,78,22581161
2869874,TULUM,"Peso Pluma, Grupo Frontera",2,2023,6,28,266,34,52294266
2927588,Creepin',"The Weeknd, 21 Savage, Metro Boomin",3,2022,12,2,6036,88,843957510
8346039,Anti-Hero,Taylor Swift,1,2022,10,21,9082,56,999748277
3464535,TQG,"Karol G, Shakira",2,2023,2,23,4284,49,618990393
4801316,Los del Espacio,"Big One, Duki, Lit Killah, Maria Becerra, FMK, Rusherking, Emilia, Tiago pzk",8,2023,6,1,1150,31,123122413
2708944,Fr��gil (feat. Grupo Front,"Yahritza Y Su Esencia, Grupo Frontera",2,2023,4,7,672,34,188933502
3921634,Blank Space,Taylor Swift,1,2014,1,1,11434,53,1355959075
4796316,Style,Taylor Swift,1,2014,1,1,7830,42,786181836
7070604,TQM,Fuerza Regida,1,2023,5,19,584,28,176553476
3595953,El Azul,"Junior H, Peso Pluma",2,2023,2,10,692,25,354495408
3827571,Sunflower - Spider-Man: Into the Spider-Verse,"Post Malone, Swae Lee",2,2018,10,9,24094,78,2808096550
5165382,I'm Good (Blue),"Bebe Rexha, David Guetta",2,2022,8,26,12482,80,1109433169
4446199,See You Again,"Tyler, The Creator, Kali Uchis",3,2017,7,21,13387,64,1047101291
5168392,Barbie World (with Aqua) [From Barbie The Album],"Nicki Minaj, Aqua, Ice Spice",3,2023,6,23,1117,80,65156199
5106082,Angels Like You,Miley Cyrus,1,2020,11,27,3372,19,570515054
4467778,I Ain't Worried,OneRepublic,1,2022,5,13,8431,76,1085685420
7476887,Die For You,The Weeknd,1,2016,11,24,2483,59,1647990401
4367298,Starboy,"The Weeknd, Daft Punk",2,2016,9,21,29536,79,2565529693
6230777,Die For You - Remix,"Ariana Grande, The Weeknd",2,2023,2,24,3408,47,518745108
8760891,El Cielo,"Feid, Myke Towers, Sky Rompiendo",3,2023,6,2,1298,38,107753850
7107144,Baby Don't Hurt Me,"David Guetta, Anne-Marie, Coi Leray",3,2023,4,6,4277,66,177740666
4945945,AMARGURA,Karol G,1,2023,2,24,1133,39,153372011
3461847,(It Goes Like) Nanana - Edit,Peggy Gou,1,2023,6,15,2259,59,57876440
2391919,Another Love,Tom Odell,1,2012,10,15,18371,83,1813673666
2553984,Blinding Lights,The Weeknd,1,2019,11,29,43899,69,3703895074
2770990,Moonlight,Kali Uchis,1,2023,2,24,2649,42,256483385
3894522,La Bachata,Manuel Turizo,1,2022,5,26,6804,45,1214083358
7624098,S91,Karol G,1,2023,7,14,525,41,16011326
2685773,cardigan,Taylor Swift,1,2020,7,24,7923,29,812019557
1849027,T��,"dennis, MC Kevin o Chris",2,2023,5,4,731,15,111947664
1726395,Boy's a liar Pt. 2,"PinkPantheress, Ice Spice",2,2023,2,3,5184,41,156338624
2577311,Left and Right (Feat. Jung Kook of BTS),"Charlie Puth, BTS, Jung Kook",3,2022,6,24,3107,39,720434240
3276282,BESO,"Rauw Alejandro, ROSAL�",2,2023,3,24,4053,50,357925728
1899106,Hey Mor,"Ozuna, Feid",2,2022,10,6,4637,38,674072710
4527090,Yellow,Chris Molitor,1,1999,1,1,31358,43,1755214421
7370086,Karma,Taylor Swift,1,2022,10,21,3818,23,404562836
4890110,People,Libianca,1,2022,12,2,3506,56,373199958
4487095,Overdrive,Post Malone,1,2023,7,14,410,36,14780425
6801500,Enchanted (Taylor's Version),Taylor Swift,1,2023,7,7,148,24,39578178
3670203,BABY HELLO,"Rauw Alejandro, Bizarrap",2,2023,6,23,1004,35,54266102
8788368,Heat Waves,Glass Animals,1,2020,6,28,22543,63,2557975762
3183051,golden hour,JVKE,1,2022,7,15,4511,36,751134527
8895699,Sweater Weather,The Neighbourhood,1,2012,5,14,16413,61,2282771485
4431554,"Quevedo: Bzrp Music Sessions, Vol. 52","Bizarrap, Quevedo",2,2022,7,6,8506,45,1356565093
3126367,Viva La Vida,Coldplay,1,2008,1,1,33898,62,1592909789
5898111,Here With Me,d4vd,1,2022,7,17,3246,23,635412045
2302386,Unholy (feat. Kim Petras),"Sam Smith, Kim Petras",2,2022,9,22,8576,42,1230675890
2415106,Yandel 150,"Yandel, Feid",2,2022,12,20,3618,38,585695368
4847849,CORAZ��N VA,Maria Becerra,1,2023,6,22,370,20,43857627
8502696,Riptide,Vance Joy,1,1975,1,1,31123,55,2009094673
7680579,Until I Found You (with Em Beihold) - Em Beihold Version,"Em Beihold, Stephen Sanchez",2,2022,4,22,2790,30,600976848
2162220,Novidade na ��,"Mc Livinho, DJ Matt D",2,2023,6,23,267,9,39709092
6063105,Back To December (Taylor's Version),Taylor Swift,1,2023,7,7,139,17,39228929
2023156,STAY (with Justin Bieber),"Justin Bieber, The Kid Laroi",2,2021,7,9,17050,36,2665343922
7412049,El Merengue,"Marshmello, Manuel Turizo",2,2023,3,3,2114,44,223633238
8408827,Someone You Loved,Lewis Capaldi,1,2018,11,8,17836,53,2887241814
3331159,Me Porto Bonito,"Chencho Corleone, Bad Bunny",2,2022,5,6,8870,43,1440757818
7159285,Makeba,Jain,1,2015,6,22,6060,53,165484133
8274842,MONTAGEM - FR PUNK,"Ayparia, unxbected",2,2012,6,20,641,50,58054811
8499304,Fast Car,Luke Combs,1,2023,3,24,1446,12,157058870
4148996,What It Is (Solo Version),Doechii,1,2023,3,17,804,25,95131998
5560446,Coco Chanel,"Bad Bunny, Eladio Carrion",2,2023,3,17,1962,38,250305248
5821993,Don���t Bl,Taylor Swift,1,2017,11,8,4875,23,685032533
7179210,Still With You,Jung Kook,1,2020,6,5,31,39,38411956
7083603,All My Life (feat. J. Cole),"J. Cole, Lil Durk",2,2023,5,12,2175,23,144565150
5243367,Say Yes To Heaven,Lana Del Rey,1,2023,3,17,2000,46,127567540
4311407,Snooze,SZA,1,2022,12,9,2839,25,399686758
1216337,Summertime Sadness,Lana Del Rey,1,2011,1,1,20333,52,983637508
8365464,Take Two,BTS,1,2023,6,9,674,47,118482347
1729982,Lover,Taylor Swift,1,2012,1,1,8448,23,882831184
2540650,Too Many Nights (feat. Don Toliver & with Future),"Future, Metro Boomin, Don Toliver",3,2022,12,2,2110,58,286400165
2619841,Chemical,Post Malone,1,2023,4,14,2528,39,172825906
2394886,Mockingbird,Eminem,1,2004,1,1,12985,61,1241559043
4928987,New Jeans,NewJeans,1,2023,7,7,77,35,29562220
2698226,Primera Cita,Carin Leon,1,2022,4,20,266,27,77309611
8797570,Cold Heart - PNAU Remix,"Dua Lipa, Elton John, Pnau",3,2017,11,10,21097,52,1605224506
4495422,Dandelions,Ruth B.,1,2017,4,28,3423,21,1116995633
2480109,Bones,Imagine Dragons,1,2021,3,11,4198,44,838079900
4350729,Set Fire to the Rain,Adele,1,2011,1,1,14739,43,1163620694
7811952,Money Trees,"Kendrick Lamar, Jay Rock",2,2012,1,1,26792,32,1093605526
3381390,Tak Segampang Itu,Anggi Marito,1,2022,12,2,213,6,179659294
3225408,LAGUNAS,"Jasiel Nu��ez, Peso P",2,2023,6,22,58,18,39058561
8943060,Mine (Taylor's Version),Taylor Swift,1,2023,7,7,99,15,36912123
8965193,Everybody Wants To Rule The World,Tears For Fears,1,1985,2,17,41751,25,1205951614
8189388,No Role Modelz,J. Cole,1,2014,12,9,21164,36,1791000570
5667205,Tattoo,Loreen,1,2023,2,25,2988,59,201660859
1696728,Rara Vez,"Taiu, Milo j",2,2023,2,8,893,38,248088961
7264781,VAGABUNDO,"Sebastian Yatra, Manuel Turizo, Be��",3,2023,5,12,1094,34,90839753
6556428,august,Taylor Swift,1,2020,7,24,7324,22,607123776
1717593,LUNA,"Junior H, Peso Pluma",2,2023,6,22,201,11,55842345
1549051,Miracle (with Ellie Goulding),"Calvin Harris, Ellie Goulding",2,2023,3,10,5120,48,211050784
4890651,Nonsense,Sabrina Carpenter,1,2022,7,15,2346,27,342897938
8110201,Que Vuelvas,"Carin Leon, Grupo Frontera",2,2022,12,9,763,26,2762
3739768,Por las Noches,Peso Pluma,1,2021,6,11,457,24,330346424
7783887,Feliz Cumplea��os Fe,Feid,1,2022,8,19,3430,38,601863821
3605651,Can't Hold Us (feat. Ray Dalton),"Ray Dalton, Ryan Lewis, Macklemore",3,2011,8,16,6074,52,1953533826
3869741,Watermelon Sugar,Harry Styles,1,2019,11,17,21915,34,2322580122
4826716,lovely - Bonus Track,"Billie Eilish, Khalid",2,2017,8,11,15032,30,2355719893
8262356,"Rauw Alejandro: Bzrp Music Sessions, Vol. 56","Rauw Alejandro, Bizarrap",2,2023,6,21,871,32,66902503
1121286,Queencard,(G)I-DLE,1,2023,5,15,451,33,96273746
2437608,OMG,NewJeans,1,2023,1,2,1783,27,430977451
4458161,Radio,Lana Del Rey,1,2011,1,1,9389,46,284819874
4669801,"Shakira: Bzrp Music Sessions, Vol. 53","Shakira, Bizarrap",2,2023,1,11,5724,44,721975598
7750995,505,Arctic Monkeys,1,2007,4,20,13985,25,1217120710
4497491,"Calling (Spider-Man: Across the Spider-Verse) (Metro Boomin & Swae Lee, NAV, feat. A Boogie Wit da Hoodie)","Swae Lee, A Boogie Wit da Hoodie, Metro Boomin, NAV",4,2023,6,2,1051,16,109276132
2121928,Trance (with Travis Scott & Young Thug),"Travis Scott, Young Thug, Metro Boomin",3,2022,12,2,1682,46,276259178
6953068,"Tere Vaaste (From ""Zara Hatke Zara Bachke"")","Sachin-Jigar, Shadab Faridi, Altamash Faridi, Amitabh Bhattacharya, Varun Jain",5,2023,5,22,182,8,54225632
3253565,Perfect,Ed Sheeran,1,2017,1,1,16596,13,2559529074
8013969,Romantic Homicide,d4vd,1,2022,7,20,2335,23,681583126
4181228,Believer,Imagine Dragons,1,2017,1,31,18986,23,2594040133
8129977,Novo Balan�,"Veigh, Bvga Beatz, Supernova Ent, Prod Malax",4,2023,5,19,283,7,81102253
1589586,"Gol Bolinha, Gol Quadrado 2","Mc Pedrinho, DJ 900",2,2023,6,1,293,8,11956641
1663974,Without Me,Eminem,1,2002,1,1,21081,43,1687664027
4214662,QUEMA,"Sog, Ryan Castro, Peso Pluma",3,2023,7,13,437,31,11599388
7910702,Stargirl Interlude,"The Weeknd, Lana Del Rey",2,2016,11,24,1275,32,611700552
7384134,Ojitos Lindos,"Bomba Est��reo, Bad B",2,2022,5,6,6135,38,1133865788
3412305,Somewhere Only We Know,Keane,1,2004,1,1,20015,16,1089402494
8251078,Those Eyes,New West,1,2019,5,10,1507,14,411747614
1078549,El Gordo Trae El Mando,Chino Pacas,1,2023,1,27,539,21,255932395
8209238,Mi Bello Angel,Natanael Cano,1,2023,6,30,86,8,31873544
6776344,Bye,Peso Pluma,1,2023,5,26,324,14,95053634
3766692,Danza Kuduro,"Don Omar, Lucenzo",2,2010,1,1,17138,37,1279434863
4335470,Nosso Quadro,"Ana Castela, AgroPlay",2,2023,2,2,894,9,233801632
3369956,Locked Out Of Heaven,Bruno Mars,1,2012,12,5,1622,9,1481349984
1207987,Un Finde | CROSSOVER #2,"Big One, FMK, Ke personajes",3,2023,4,4,561,14,142095275
3007244,Jimmy Cooks (feat. 21 Savage),"Drake, 21 Savage",2,2022,6,17,5871,27,618885532
7325433,Counting Stars,OneRepublic,1,2013,1,1,29215,43,2011464183
6698200,Ghost,Justin Bieber,1,2021,3,19,5866,24,1167330737
3153550,Under The Influence,Chris Brown,1,2019,10,4,3859,26,929964809
7143216,PRC,"Natanael Cano, Peso Pluma",2,2023,1,23,961,26,436027885
7806612,Gasolina,Daddy Yankee,1,2004,7,13,6457,18,657723613
1928790,One Dance,"Drake, WizKid, Kyla",3,2016,4,4,43257,24,2713922350
6735267,Enchanted,Taylor Swift,1,2010,1,1,4564,16,621660989
1961503,Save Your Tears,The Weeknd,1,2020,3,20,12688,13,1591223784
3451143,Sure Thing,Miguel,1,2010,5,25,13801,19,950906471
6552512,Every Breath You Take - Remastered 2003,The Police,1,1983,1,6,22439,19,1593270737
1630789,The Night We Met,Lord Huron,1,2015,2,2,18515,35,1410088830
4242212,We Found Love,"Rihanna, Calvin Harris",2,2011,1,1,36843,21,1235005533
3509026,When I Was Your Man,Bruno Mars,1,2012,12,5,2420,11,1661187319
1611239,Let Me Down Slowly,Alec Benjamin,1,2018,5,25,5897,19,1374581173
6609930,"Am I Dreaming (Metro Boomin & A$AP Rocky, Roisee)","A$AP Rocky, Metro Boomin, Roisee",3,2023,6,2,727,16,94186466
2664577,Do I Wanna Know?,Arctic Monkeys,1,2013,1,1,33783,26,1788326445
8580552,Demons,Imagine Dragons,1,2012,1,1,26694,13,1840364617
6720570,������������,YOASOBI,1,2023,4,12,356,16,143573775
6320673,Reminder,The Weeknd,1,2016,11,25,6518,17,684675814
2031309,Shake It Off,Taylor Swift,1,2014,1,1,21335,13,1113838873
5999455,Why'd You Only Call Me When You're High?,Arctic Monkeys,1,2013,1,1,23389,29,1267333350
5675634,SNAP,Rosa Linn,1,2022,3,19,3202,18,726307468
4299313,Shape of You,Ed Sheeran,1,2017,1,6,32181,10,3562543890
4795987,Night Changes,One Direction,1,2014,11,17,7124,18,1131090940
5836808,Fin de Semana,"Oscar Maydon, Junior H",2,2023,1,13,592,14,307370144
6316146,Creep,Radiohead,1,1992,9,21,36724,7,1271293243
4812397,Car's Outside,James Arthur,1,2019,10,18,794,10,265882712
1323431,Apocalypse,Cigarettes After Sex,1,2017,3,21,13091,17,841749534
6293464,Cheques,Shubh,1,2023,5,19,67,8,47956378
8897005,Pink + White,Frank Ocean,1,2016,8,20,21574,30,806397070
2020928,Circles,Post Malone,1,2019,8,30,19664,16,2132335812
2008299,Just The Way You Are,Bruno Mars,1,2010,1,1,21106,13,1641426668
7256696,Take Me To Church,Hozier,1,2013,9,13,23804,31,2135158446
4031115,Bebe Dame,"Fuerza Regida, Grupo Frontera",2,2022,12,16,849,22,367316268
3090144,You Belong With Me (Taylor���s Ve,Taylor Swift,1,2021,4,9,2619,12,350381515
6322459,Titi Me Pregunt�,Bad Bunny,1,2022,5,6,9037,42,1264310836
3054476,Better Than Revenge (Taylor's Version),Taylor Swift,1,2023,7,7,86,11,30343206
4341380,Shut up My Moms Calling,Hotel Ugly,1,2020,2,10,1788,14,405136812
6250958,Have You Ever Seen The Rain?,Creedence Clearwater Revival,1,1968,7,1,15890,14,1145727611
6057014,Es un Secreto,Plan B,1,2010,7,20,492,36,540654286
7948655,POLARIS - Remix,"Feid, Mora, Saiko, Quevedo",4,2023,6,8,773,33,57312735
5279142,Ditto,NewJeans,1,2022,12,19,1154,22,397582059
7451979,Take On Me,a-ha,1,1984,10,19,44927,17,1479115056
6470158,"Annihilate (Spider-Man: Across the Spider-Verse) (Metro Boomin & Swae Lee, Lil Wayne, Offset)","Swae Lee, Lil Wayne, Offset, Metro Boomin",4,2023,6,2,551,4,86773632
8666108,"Angel Pt 1 (feat. Jimin of BTS, JVKE & Muni Long)","Kodak Black, NLE Choppa, Muni Long, JVKE, Jimin",5,2023,5,1,577,14,133753727
6136667,Acr��s,Shakira,1,2023,5,11,955,29,123124076
8123858,AMG,"Natanael Cano, Gabito Ballesteros, Peso Pluma",3,2022,11,24,995,19,463564958
3747351,"Phir Aur Kya Chahiye (From ""Zara Hatke Zara Bachke"")","Arijit Singh, Sachin-Jigar, Amitabha Bhattacharya",3,2023,5,15,178,6,64533040
1274739,S-Class,Stray Kids,1,2023,6,2,290,19,65496046
2101565,Hits Different,Taylor Swift,1,2023,5,26,547,0,68616963
1710471,Chanel,"Becky G, Peso Pluma",2,2023,3,30,681,10,161460990
8125634,Self Love (Spider-Man: Across the Spider-Verse) (Metro Boomin & Coi Leray),"Metro Boomin, Coi Leray",2,2023,6,2,332,5,70106975
2969049,Area Codes,"Kaliii, Kaliii",2,2023,3,17,1197,13,113509496
6271365,Abcdario,"Junior H, Eden Mu��",2,2023,5,13,262,5,89933133
4004325,Obsessed,"Abhijay Sharma, Riar Saab",2,2022,9,29,161,6,71007139
5229182,Pi��man De�,"Semicenk, Do��u ",2,2023,6,2,185,3,43522589
4837745,FLOWER,JISOO,1,2023,3,31,839,18,232896922
4866757,"All The Way Live (Spider-Man: Across the Spider-Verse) (Metro Boomin & Future, Lil Uzi Vert)","Future, Lil Uzi Vert, Metro Boomin",3,2023,6,2,259,0,37126685
1956320,Eyes Closed,Ed Sheeran,1,2023,3,23,2915,30,195576623
3608552,Escapism.,"RAYE, 070 Shake",2,2022,10,12,5129,25,532336353
1443757,La Jumpa,"Arcangel, Bad Bunny",2,2022,11,30,3794,34,538115192
1452364,Karma (feat. Ice Spice),"Taylor Swift, Ice Spice",2,2023,5,26,588,0,46142772
3512881,Superhero (Heroes & Villains) [with Future & Chris Brown],"Future, Chris Brown, Metro Boomin",3,2022,12,2,2959,16,401036314
8171349,Las Morras,"BLESSD, Peso Pluma",2,2023,4,4,291,8,127026613
1054764,CHORRITO PA LAS ANIMAS,Feid,1,2022,12,2,2321,36,345031710
6794169,Ch y la Pizza,"Fuerza Regida, Natanael Cano",2,2022,12,1,536,10,288101651
1166211,Snow On The Beach (feat. More Lana Del Rey),"Lana Del Rey, Taylor Swift",2,2023,5,26,359,2,60350538
7137376,Players,Coi Leray,1,2022,11,30,4096,6,335074782
6620188,Bite Me,ENHYPEN,1,2023,5,22,349,69,76767396
4053069,Stand By Me (feat. Morgan Wallen),"Lil Durk, Morgan Wallen",2,2023,5,26,381,5,46065667
6286315,Normal,Feid,1,2022,7,8,2461,36,459276435
8346639,Hummingbird (Metro Boomin & James Blake),"James Blake, Metro Boomin",2,2023,6,2,277,1,39666245
2098417,Seu Brilho Sumiu - Ao Vivo,"Israel & Rodolffo, Mari Fernandez",2,2023,3,1,967,5,138517666
4334346,Bad Habit,Steve Lacy,1,2022,6,29,8186,12,822633917
1936158,CUFF IT,Beyonc�,1,2022,7,29,7842,10,595900742
1193878,Lilith (feat. SUGA of BTS) (Diablo IV Anthem),"Halsey, Suga",2,2023,6,5,215,6,51985779
5495832,69,"Nicky Jam, Feid",2,2023,5,18,1134,22,57945987
1183111,Ni��a Bo,"Sean Paul, Feid",2,2023,4,21,1305,34,115010040
2754241,Search & Rescue,Drake,1,2023,4,7,2066,6,175097833
5158640,AMERICA HAS A PROBLEM (feat. Kendrick Lamar),"Kendrick Lamar, Beyonc�",2,2023,5,19,896,0,57089066
2987008,Lavender Haze,Taylor Swift,1,2022,10,21,3763,8,488386797
6436155,"Link Up (Metro Boomin & Don Toliver, Wizkid feat. BEAM & Toian) - Spider-Verse Remix (Spider-Man: Across the Spider-Verse )","WizKid, Toian, Metro Boomin, Don Toliver, Beam",5,2023,6,2,197,0,32761689
1621586,Efecto,Bad Bunny,1,2022,5,6,4004,33,1047480053
6845168,Erro Gostoso - Ao Vivo,Simone Mendes,1,2023,1,27,984,5,153454328
1743307,Cupido,Tini,1,2023,2,14,1240,24,217672943
3910891,Just Wanna Rock,Lil Uzi Vert,1,2022,10,17,3995,13,457184829
8213022,Unstoppable,Sia,1,2016,1,21,7681,13,939844851
8641758,Until I Found You,Stephen Sanchez,1,2021,9,1,4427,4,726434358
4604858,Rich Flex,"Drake, 21 Savage",2,2022,11,4,4657,18,573633020
7732446,Easy On Me,Adele,1,2021,10,14,10195,20,1406111294
4165407,Cart��o B,"MC Caverinha, KayBlack",2,2023,5,11,269,4,71573339
5554493,Danger (Spider) (Offset & JID),"Offset, JID",2,2023,6,2,214,0,24975653
1488746,Oi Balde - Ao Vivo,Z�� Neto & Crist,1,2023,2,14,845,2,145458418
2670198,The Real Slim Shady,Eminem,1,2000,1,1,20763,27,1424589568
5478299,MERCHO,"Migrantes, LiL CaKe, Nico Valdi",3,2022,12,16,1267,20,231332117
8465611,The Color Violet,Tory Lanez,1,2021,12,10,2585,32,415932686
2434062,Glimpse of Us,Joji,1,2022,6,10,6330,6,988515741
6675451,Mejor Que Yo,"Mambo Kingz, DJ Luian, Anuel Aa",3,2023,5,4,675,1,50847624
6895326,Curtains,Ed Sheeran,1,2023,5,5,715,0,39893489
2012053,UNFORGIVEN (feat. Nile Rodgers),"Nile Rodgers, LE SSERAFIM",2,2023,5,1,327,13,92035115
1442233,Haegeum,Agust D,1,2023,4,21,244,12,118810253
6882173,Conex��es de M��fia (feat. Rich,"Rich The Kid, Matu�",2,2023,4,30,385,4,77233241
1397395,MIENTRAS ME CURO DEL CORA,Karol G,1,2023,2,24,1020,35,206399629
3475077,Never Felt So Alone,Labrinth,1,2023,4,7,1730,3,117747907
6778924,X SI VOLVEMOS,"Karol G, Romeo Santos",2,2023,2,2,2127,33,266624541
7653113,ceilings,Lizzy McAlpine,1,2022,4,8,3242,9,293186992
8571641,Cupid,Fifty Fifty,1,2023,2,24,526,10,139681964
7517093,I AM,IVE,1,2023,4,10,366,15,123132751
6161550,Cupid ��� Twin Ver. (FIFTY FIFTY) ��� Spe,sped up 8282,1,1997,1,1,472,2,103762518
4823840,Shorty Party,"Cartel De Santa, La Kelly",2,2023,3,4,432,12,162887075
4502825,Super,SEVENTEEN,1,2023,4,24,271,12,91221625
8297242,Slut Me Out,NLE Choppa,1,2022,4,22,816,4,190490915
2264316,Double Fantasy (with Future),"The Weeknd, Future",2,2023,4,21,1169,0,96180277
4117642,All Of The Girls You Loved Before,Taylor Swift,1,2019,8,23,1282,6,185240616
6966778,PROVENZA,Karol G,1,2022,4,21,6587,34,885093467
5442505,Princess Diana (with Nicki Minaj),"Nicki Minaj, Ice Spice",2,2023,4,14,1444,4,104992946
7230461,Di Que Si,"Grupo Marca Registrada, Grupo Frontera",2,2023,2,3,356,10,147290338
1774478,Shivers,Ed Sheeran,1,2021,9,9,10147,30,1302184087
5088165,Igualito a Mi Ap�,"Fuerza Regida, Peso Pluma",2,2022,12,30,265,6,158950978
3546474,Shoong! (feat. LISA of BLACKPINK),"TAEYANG, Lisa",2,2023,4,25,351,9,76910644
4389214,Komang,Raim Laode,1,2022,8,16,158,4,137123880
5757514,DESPECH�,ROSAL�,1,2022,7,28,7613,33,782369383
4257818,Made You Look,Meghan Trainor,1,2022,10,21,3956,6,502574952
2313207,Watch This - ARIZONATEARS Pluggnb Remix,"sped up nightcore, ARIZONATEARS, Lil Uzi Vert",3,2023,2,5,1638,10,207033255
3132809,No Se Va,Grupo Frontera,1,2022,4,28,924,18,404887295
8471078,Punto G,Quevedo,1,2022,11,4,1985,35,381161027
8987545,Lovers Rock,TV Girl,1,2014,6,5,6339,13,466231982
6158916,METAMORPHOSIS,INTERWORLD,1,2021,11,25,1561,24,357580552
4916659,Mami Chula,"Quevedo, Jhayco",2,2023,4,27,875,4,61105704
6744187,En Paris,"El Chachito, Junior H",2,2022,12,24,406,5,198275403
8513259,Set Me Free Pt.2,Jimin,1,2023,3,17,340,13,168448603
6029543,I Was Never There,"The Weeknd, Gesaffelstein",2,2018,3,29,4188,15,705469769
4603662,Don't ever say love me (feat. RM of BTS),"RM, Colde",2,2023,5,4,105,0,34502215
5904115,Shut Down,BLACKPINK,1,2022,9,16,1524,17,482175240
2339996,Gato de Noche,"Nengo Flow, Bad Bunny",2,2022,12,22,2651,30,304118600
6387600,Call Out My Name,The Weeknd,1,2018,3,29,11087,6,1449799467
7881394,Like Crazy (English Version),Jimin,1,2023,3,24,373,19,173627354
2084763,Rosa Pastel,"Jasiel Nu��ez, Peso P",2,2023,2,2,200,4,90025258
5555264,Sunroof,"Nicky Youre, Dazy",2,2021,12,3,3741,17,652704649
6766942,Lose Yourself - Soundtrack Version,Eminem,1,2002,1,1,32502,21,1829992958
4238748,Superman,"Eminem, Dina Rae",2,2002,5,26,7615,14,655466831
2484929,Mas Rica Que Ayer,"Mambo Kingz, DJ Luian, Anuel Aa",3,2023,3,2,1208,34,146409671
6619922,People Pt.2 (feat. IU),"IU, Agust D",2,2023,4,7,209,4,95816024
7989475,REMIX EXCLUSIVO,Feid,1,2023,3,17,1235,9,117206995
7996425,"Arc��ngel: Bzrp Music Sessions, Vol","Arcangel, Bizarrap",2,2023,3,22,654,3,100409613
1111875,DOGTOOTH,"Tyler, The Creator",2,2023,3,27,1479,0,80758350
0:00,10:35,"Ti��sto, Tate M",2,2022,11,1,4942,26,325592432
6083108,SORRY NOT SORRY,"Tyler, The Creator",2,2023,3,31,709,0,58473276
3143453,HAPPY,NF,1,2023,3,25,660,0,52722996
5615912,La Bebe,Yng Lvcas,1,2021,12,24,489,17,191945597
1214913,I Know - PR1SVX Edit,"Kanii, PR1ISVX",2,2023,3,24,407,0,77377503
2135563,Late Night Talking,Harry Styles,1,2022,5,20,7461,8,743693613
5239763,Le�,Mar��lia Mendo,1,2022,12,9,993,4,267789608
5142009,Save Your Tears (with Ariana Grande) (Remix),"Ariana Grande, The Weeknd",2,2020,3,20,9161,5,1221813483
6107898,Something in the Orange,Zach Bryan,1,2022,4,22,3282,12,449701773
5763974,VOID,Melanie Martinez,1,2023,3,29,596,0,67070410
5402623,Dijeron Que No La Iba Lograr,"Fuerza Regida, Chino Pacas",2,2023,3,14,320,6,116334601
3694791,Midnight Rain,Taylor Swift,1,2022,10,21,2612,4,433356509
4832204,If We Ever Broke Up,Mae Stephens,1,2023,2,10,2040,4,165584767
3575524,You Proof,Morgan Wallen,1,2022,5,13,2128,9,367814306
7402588,LA INOCENTE,"Feid, Mora",2,2022,4,1,2598,37,477033549
6333549,Malas Decisiones,Kenia OS,1,2022,10,26,542,2,156214700
5673293,Murder In My Mind,Kordhell,1,2022,1,21,2459,20,448843705
5939675,Gangsta's Paradise,"Coolio, L.V.",2,1995,7,11,10624,17,1357608774
5152397,CAIRO,"Karol G, Ovy On The Drums",2,2022,11,13,2418,26,294352144
8584244,I Love You So,The Walters,1,2014,11,28,7536,7,972164968
1014962,Dark Red,Steve Lacy,1,2017,2,20,10431,7,920045682
7587856,Say You Won't Let Go,James Arthur,1,2016,9,9,15722,16,2420461338
6380084,The Hills,The Weeknd,1,2015,5,27,25744,4,1947371785
2775772,Heart To Heart,Mac DeMarco,1,2019,5,10,1640,0,244658767
6987709,Peaches (from The Super Mario Bros. Movie),Jack Black,1,2023,4,7,34,0,68216992
8001796,Marisola - Remix,"Duki, NICKI NICOLE, Cris Mj, Standly, Stars Music Chile",5,2022,12,15,1845,16,223582566
1035366,LOKERA,"Brray, Rauw Alejandro, Lyanno",3,2022,7,25,3301,30,471819764
2578085,Low,SZA,1,2022,12,9,1911,0,272377463
3049716,Numb,Linkin Park,1,2003,3,24,20111,5,1361425037
8246992,Tormenta (feat. Bad Bunny),"Gorillaz, Bad Bunny",2,2023,2,24,1529,0,149778242
3986213,on the street (with J. Cole),"j-hope, J. Cole",2,2023,3,3,615,2,116599790
2840055,One Thing At A Time,Morgan Wallen,1,2022,12,2,811,4,148469433
5405010,Miss You,"Robin Schulz, Oliver Tree",2,2022,8,5,5730,10,497225336
3853127,Ain���t Tha,Morgan Wallen,1,2023,3,3,356,4,88791109
2820265,Thinkin��� B,Morgan Wallen,1,2023,3,3,604,6,125917280
3895305,Private Landing (feat. Justin Bieber & Future),"Don Toliver, Future, Justin Bieber",3,2023,2,23,1190,0,105062254
3546129,Everything I Love,Morgan Wallen,1,2023,1,31,579,0,95623148
4538543,Heaven,Niall Horan,1,2023,2,17,1553,2,144584800
5073649,LET GO,Central Cee,1,2022,12,15,2301,20,298063749
1824533,Sial,Mahalini,1,2023,1,23,134,4,166570053
2841488,I Wrote The Book,Morgan Wallen,1,2023,1,31,430,0,83021468
7021208,"Apna Bana Le (From ""Bhediya"")","Arijit Singh, Sachin-Jigar",2,2022,11,5,86,0,139836056
4967469,SPIT IN MY FACE!,ThxSoMch,1,2022,10,31,629,14,303216294
2733163,PLAYA DEL INGL�,"Myke Towers, Quevedo",2,2022,12,15,1701,15,221409663
3970396,Man Made A Bar (feat. Eric Church),"Morgan Wallen, Eric Church",2,2023,3,3,329,0,58890931
2853933,Red Ruby Da Sleeze,Nicki Minaj,1,2023,3,3,1168,0,81419389
1740150,Kahani Suno 2.0,Kaifi Khalil,1,2022,5,31,162,6,156777415
3923468,Nobody Gets Me,SZA,1,2022,12,9,2536,6,284908316
4141537,PERO T�,"Karol G, Quevedo",2,2023,2,23,387,11,93438910
7166872,Hype Boy,NewJeans,1,2022,8,1,892,17,363472647
7921549,Bloody Mary,Lady Gaga,1,2011,1,1,3909,0,372476382
1910640,Monoton�,"Ozuna, Shakira",2,2022,10,19,3645,15,380726517
1413502,���98 Braves,Morgan Wallen,1,2023,3,3,282,0,56533272
2395685,WANDA,Quevedo,1,2023,1,20,888,22,175399345
6402604,Thought You Should Know,Morgan Wallen,1,2022,5,6,968,4,203221468
4552573,In The End,Linkin Park,1,2000,10,24,25065,6,1624165576
2068804,Zona De Perigo,Leo Santana,1,2022,12,8,531,4,134294498
3519068,Lovezinho,Treyce,1,2022,7,28,242,0,70069745
1912112,I Like You (A Happier Song) (with Doja Cat),"Post Malone, Doja Cat",2,2022,6,3,5281,14,609293408
6133453,Neverita,Bad Bunny,1,2022,5,6,2590,30,671365962
3875589,Vista Al Mar,Quevedo,1,2022,9,8,1769,34,362361576
8024591,Sem Alian��a no,"MC Xenon, Os Gemeos da Putaria",2,2022,12,23,454,4,93587665
1519987,Enemy (with JID) - from the series Arcane League of Legends,"Imagine Dragons, League of Legends, JID, Arcane",4,2021,9,3,6180,7,1223481149
2061546,Revenge,XXXTENTACION,1,2017,8,25,3600,11,1022258230
7204092,Bombonzinho - Ao Vivo,"Israel & Rodolffo, Ana Castela",2,2022,11,3,1254,6,263453310
2767209,LA CANCI�,"J Balvin, Bad Bunny",2,2019,6,28,6398,31,1435127549
6044216,Qu�� Ago,"Yuridia, Angela Aguilar",2,2022,10,20,660,15,236857112
5911914,Love Again,The Kid Laroi,1,2023,1,27,1283,0,147538971
3347693,After Hours,The Weeknd,1,2020,2,19,8084,6,698086140
5080031,About Damn Time,Lizzo,1,2022,7,15,2332,2,723894473
3746522,Born With A Beer In My Hand,Morgan Wallen,1,2023,3,3,203,0,34450974
5865058,���������������������,Fujii Kaze,1,2020,5,20,685,14,403097450
5031236,Besos Moja2,"Wisin & Yandel, ROSAL�",2,2022,9,29,2460,13,309483971
4942277,Maan Meri Jaan,King,1,2022,10,12,288,6,319566866
1459555,Moscow Mule,Bad Bunny,1,2022,5,6,4572,33,909001996
4162862,My Universe,"Coldplay, BTS",2,2021,9,24,6127,13,1061966512
5972088,Devil Don���,Morgan Wallen,1,2023,3,3,166,0,32526947
8704695,LLYLM,ROSAL�,1,2023,1,27,1838,0,124988687
2296238,I'm Not Here To Make Friends,"Sam Smith, Calvin Harris, Jessie Reyez",3,2023,1,27,1890,0,103787664
2023447,TRUSTFALL,P!nk,1,2023,1,27,2098,16,134255790
4492232,ANTIFRAGILE,LE SSERAFIM,1,2022,10,17,761,12,301051721
2817956,Boy's a liar,PinkPantheress,1,2022,11,30,1225,0,156338624
7349725,VIBE (feat. Jimin of BTS),"TAEYANG, Jimin",2,2023,1,13,415,2,152850295
7526938,Shirt,SZA,1,2022,10,28,3469,0,309653982
4562499,Lift Me Up - From Black Panther: Wakanda Forever - Music From and Inspired By,Rihanna,1,2022,10,28,3311,0,297328960
6204936,STAR WALKIN' (League of Legends Worlds Anthem),Lil Nas X,1,2022,9,22,2616,0,332506354
5300224,"Sex, Drugs, Etc.",Beach Weather,1,2016,11,4,3006,16,480507035
7304378,Boy With Luv (feat. Halsey),"Halsey, BTS",2,2019,4,12,4260,0,1065580332
8292846,"Hey, Mickey!",Baby Tate,1,2016,9,27,482,0,122763672
6363032,Calm Down,R��,1,2022,2,9,4013,10,445763624
6602768,Jhoome Jo Pathaan,"Arijit Singh, Vishal Dadlani, Sukriti Kakar, Vishal-Shekhar, Shekhar Ravjiani, Kumaar",6,2022,12,22,138,4,1365184
2432426,Escapism. - Sped Up,"RAYE, 070 Shake",2,2022,11,25,1368,0,184308753
4765423,Space Song,Beach House,1,2015,1,1,17852,4,789753877
4978027,Dreamers [Music from the FIFA World Cup Qatar 2022 Official Soundtrack],"BTS, Jung Kook, FIFA Sound",3,2022,11,20,889,20,323358833
5937798,Te Felicito,"Shakira, Rauw Alejandro",2,2022,4,21,4796,9,606361689
8756692,Mu��,"Steve Aoki, Tini, La Joaqui",3,2023,1,12,658,6,120972253
1239958,TV,Billie Eilish,1,2022,7,21,3009,2,338564981
1776310,I'm Not The Only One,Sam Smith,1,2014,1,1,17492,3,1606986953
5864281,Heather,Conan Gray,1,2020,3,20,6170,7,1301799902
1936946,"Besharam Rang (From ""Pathaan"")","Vishal-Shekhar, Shilpa Rao, Caralisa Monteiro, Kumaar, Vishal Dadlani, Shekhar Ravjiani",6,2022,12,12,130,4,140187018
2143818,One Kiss (with Dua Lipa),"Calvin Harris, Dua Lipa",2,2017,6,2,27705,10,1897517891
8537557,Sugar Rush Ride,TOMORROW X TOGETHER,1,2023,1,27,359,0,107642809
2122853,Pink Venom,BLACKPINK,1,2022,8,19,1963,16,551305895
3827734,WAIT FOR U (feat. Drake & Tems),"Drake, Future, Tems",3,2022,4,27,5491,14,556585270
6891911,Don't Start Now,Dua Lipa,1,2019,10,31,27119,0,2303033973
4635311,After Dark,Mr.Kitty,1,2014,8,8,1776,14,646886885
4794318,Eu Gosto Assim - Ao Vivo,"Gustavo Mioto, Mari Fernandez",2,2022,9,16,1473,4,222612678
3378211,INDUSTRY BABY (feat. Jack Harlow),"Jack Harlow, Lil Nas X",2,2021,7,23,13315,0,1814349763
1464404,MIDDLE OF THE NIGHT,Elley Duh�,1,2020,1,10,4057,8,872137015
1168222,Atlantis,Seafret,1,2015,4,22,3045,6,571386359
5526636,PUNTO 40,"Baby Rasta, Rauw Alejandro",2,2022,9,22,3006,12,304079786
6055373,Evoque Prata,"DJ Escobar, MC MENOR SG, MC MENOR HR",3,2022,9,9,852,0,174006928
8803071,How Do I Say Goodbye,Dean Lewis,1,2022,8,5,2163,15,284785823
8689972,Blind,SZA,1,2022,12,9,1484,0,163284000
3301347,Die For You,Joji,1,2022,11,4,1703,0,246390068
2865125,Doja,Central Cee,1,2022,7,20,4169,44,482257456
3469822,Gatita,Bellakath,1,2022,10,3,1054,0,168684524
7741272,Rumble,"Skrillex, Flowdan, Fred again..",3,2022,1,17,2849,0,78489819
1718193,Niagara Falls (Foot or 2) [with Travis Scott & 21 Savage],"Travis Scott, 21 Savage, Metro Boomin",3,2022,12,2,1602,0,195516622
3365981,Yonaguni,Bad Bunny,1,2021,6,4,9644,28,1260594497
6643902,Super Freaky Girl,Nicki Minaj,1,2022,8,12,4827,0,428685680
1832626,Running Up That Hill (A Deal With God),Kate Bush,1,1985,9,16,21811,0,1024858327
1534505,Dream On,Aerosmith,1,1973,1,5,168,0,838586769
6640464,Limbo,Freddie Dredd,1,2022,8,11,688,0,199386237
6416915,Where Are You Now,"Lost Frequencies, Calum Scott",2,2021,7,30,10565,44,972509632
1221828,WORTH NOTHING,"Twisted, Oliver Tree",2,2022,9,28,1612,0,213438580
1203746,Bad Habits,Ed Sheeran,1,2020,9,3,12755,8,1555511105
2009624,KICK BACK,Kenshi Yonezu,1,2022,10,12,574,4,210038833
7477767,Evergreen (You Didn���t Deserve Me A,Omar Apollo,1,2022,4,8,2499,0,227918678
6775509,Good Days,SZA,1,2020,12,24,10426,2,826623384
5415405,Levitating (feat. DaBaby),"Dua Lipa, DaBaby",2,2020,3,27,15894,8,1802514301
5346382,Woman,Doja Cat,1,2021,6,25,9424,0,1329090101
7662363,Shut up My Moms Calling - (Sped Up),Hotel Ugly,1,2022,9,14,713,7,181831132
8399372,Ferrari,"James Hype, Miggy Dela Rosa",2,2022,3,14,7758,28,462791599
3146245,"You're On Your Own, Kid",Taylor Swift,1,2022,10,21,2537,2,348647203
3163708,"Kesariya (From ""Brahmastra"")","Pritam, Arijit Singh, Amitabh Bhattacharya",3,2022,7,17,292,6,366599607
2475712,Agudo M��gi,"Styrx, utku INC, Thezth",3,1930,1,1,323,0,90598517
1967014,Payphone,"Maroon 5, Wiz Khalifa",2,2012,1,1,14143,4,1479264469
4490744,All I Want for Christmas Is You,Mariah Carey,1,1994,10,28,25653,0,1449779435
7224008,Last Christmas,Wham!,1,1984,1,1,22153,0,1159176109
8576945,Rockin' Around The Christmas Tree,Brenda Lee,1,1958,1,1,14994,0,769213520
6372609,Jingle Bell Rock,Bobby Helms,1,1957,1,1,10326,0,741301563
7546342,It's Beginning To Look A Lot Like Christmas,Michael Bubl�,1,2011,10,14,12353,0,807561936
1236328,Santa Tell Me,Ariana Grande,1,2013,12,13,9408,0,834129063
5350503,It's the Most Wonderful Time of the Year,Andy Williams,1,1963,10,14,8879,0,663832097
4277985,Let It Snow! Let It Snow! Let It Snow!,Dean Martin,1,1959,11,16,6512,0,446390129
2886961,Snowman,Sia,1,2017,1,1,5140,0,690104769
4278371,Underneath the Tree,Kelly Clarkson,1,2013,10,25,6596,0,485285717
4069645,Feliz Navidad,Jos�� Felic,1,1970,11,1,3788,0,520034544
4319986,Holly Jolly Christmas,Michael Bubl�,1,2011,10,14,7655,0,476244795
5666047,Mistletoe,Justin Bieber,1,2011,1,1,9577,0,629173063
6900582,Sleigh Ride,The Ronettes,1,1963,11,22,10114,0,404664135
6791135,Seek & Destroy,SZA,1,2022,12,9,1007,0,98709329
4989276,Love Language,SZA,1,2022,12,9,1127,0,110849052
2148200,Happy Xmas (War Is Over),"John Lennon, The Harlem Community Choir, The Plastic Ono Band, Yoko Ono",4,1971,12,1,10829,0,460492795
3439901,Used (feat. Don Toliver),"SZA, Don Toliver",2,2022,12,8,1042,0,94005786
4002890,A Holly Jolly Christmas - Single Version,Burl Ives,1,1952,1,1,7930,0,395591396
3087104,The Christmas Song (Merry Christmas To You) - Remastered 1999,Nat King Cole,1,1946,11,1,11500,0,389771964
8476304,Wonderful Christmastime - Edited Version / Remastered 2011,Paul McCartney,1,1979,11,16,1685,0,403939487
3891081,Do They Know It's Christmas? - 1984 Version,Band Aid,1,1984,11,25,14169,0,481697415
5179092,Ghost in the Machine (feat. Phoebe Bridgers),"SZA, Phoebe Bridgers",2,2022,12,9,1634,0,110073250
4611820,Special,SZA,1,2022,12,9,906,0,88092256
4738813,Merry Christmas Everyone,Shakin' Stevens,1,1984,1,1,1087,0,351636786
8753775,Let It Snow! Let It Snow! Let It Snow!,"Frank Sinatra, B. Swanson Quartet",2,1950,1,1,10585,0,473248298
7780139,SOS,SZA,1,2022,12,9,827,0,73981293
7122267,Open Arms (feat. Travis Scott),"SZA, Travis Scott",2,2022,12,8,1420,4,155653938
6909746,White Christmas,"Bing Crosby, John Scott Trotter & His Orchestra, Ken Darby Singers",3,1942,1,1,11940,0,395591396
6593931,Driving Home for Christmas - 2019 Remaster,Chris Rea,1,1986,1,1,888,0,429504768
3867590,Christmas (Baby Please Come Home),Darlene Love,1,1963,11,22,9122,0,242767149
2070479,Gone Girl,SZA,1,2022,12,9,892,0,65362788
4991676,F2F,SZA,1,2022,12,9,989,0,67540165
2628329,Notice Me,SZA,1,2022,12,9,819,0,62019074
7387090,Merry Christmas,"Ed Sheeran, Elton John",2,2017,11,10,2209,0,135723538
1291434,It's Beginning to Look a Lot Like Christmas (with Mitchell Ayres & His Orchestra),"Perry Como, The Fontane Sisters, Mitchell Ayres & His Orchestra",3,1958,1,1,6290,0,295998468
7699876,My Only Wish (This Year),Britney Spears,1,2000,11,7,6952,0,261116938
3461405,Antidepresan,"Mabel Matiz, Mert Demir",2,2022,11,4,313,2,136689549
3305057,Wild Flower (with youjeen),RM,1,2022,12,2,353,2,135611421
3782910,I Hate U,SZA,1,2021,12,3,4094,0,356709897
8283550,Raindrops (Insane) [with Travis Scott],"Travis Scott, Metro Boomin",2,2022,12,2,880,0,110649992
8173823,SPIT IN MY FACE!,ThxSoMch,1,2022,10,31,573,0,301869854
8167749,Deck The Hall - Remastered 1999,Nat King Cole,1,1959,1,1,3299,0,127027715
7103818,Smoking on my Ex Pack,SZA,1,2022,12,9,811,0,57144458
2587921,Conceited,SZA,1,2022,12,9,899,0,56870689
5282587,Snow On The Beach (feat. Lana Del Rey),"Taylor Swift, Lana Del Rey",2,2022,10,21,2415,0,323437194
2284105,Maroon,Taylor Swift,1,2022,10,21,2304,0,317726339
8164697,Tubar��o Te,"Dj LK da Esc��cia, Tchakabum, mc jhenny, M",4,2022,9,28,1003,0,116144341
1218742,Bejeweled,Taylor Swift,1,2022,10,21,2699,0,328207708
4662762,Tarot,"Bad Bunny, Jhay Cortez",2,2022,5,6,2482,20,608228647
2616615,You Make It Feel Like Christmas (feat. Blake Shelton),"Gwen Stefani, Blake Shelton",2,2005,9,20,2577,0,180577478
6879361,Desesperados,"Chencho Corleone, Rauw Alejandro",2,2021,6,25,6821,34,809306935
2678616,Too Late,SZA,1,2022,12,8,714,0,49262961
3341212,Party,"Bad Bunny, Rauw Alejandro",2,2022,5,6,3185,4,614555082
8597238,Run Rudolph Run - Single Version,Chuck Berry,1,1958,1,1,8612,0,245350949
3092002,Jingle Bells - Remastered 1999,Frank Sinatra,1,1957,1,1,4326,0,178660459
5602322,Far,SZA,1,2022,12,9,680,0,51641685
6143073,On Time (with John Legend),"John Legend, Metro Boomin",2,2022,12,2,398,0,78139948
2468227,GAT��,"Maldy, Karol G",2,2022,8,25,3328,13,322336177
6389379,���abcdefu,Gayle,1,2021,8,13,7215,0,1007612429
7726159,Sacrifice,The Weeknd,1,2022,1,7,4440,0,326792833
4491971,Is There Someone Else?,The Weeknd,1,2022,1,7,2881,6,391251368
5380546,Fingers Crossed,"Lauren Spencer Smith, Lauren Spencer Smith, Lauren Spencer Smith",3,2022,1,5,2235,0,349585590
7853001,Out of Time,The Weeknd,1,2022,1,7,3711,0,339659802
6984128,Do It To It,"Cherish, ACRAZE",2,2021,8,20,12403,0,674772936
7235348,We Don't Talk About Bruno,"Adassa, Mauro Castillo, Stephanie Beatriz, Encanto - Cast, Rhenzy Feliz, Diane Guerrero, Carolina Gaitan",7,2021,11,19,2785,0,432719968
4365318,Pepas,Farruko,1,2021,6,24,14114,17,1309887447
4501584,How Do I Make You Love Me?,The Weeknd,1,2022,1,7,1915,0,119238316
6131592,Gasoline,The Weeknd,1,2022,1,7,2297,0,116903579
8186517,Infinity,Jaymes Young,1,2017,6,23,4375,0,888046992
5426643,Less Than Zero,The Weeknd,1,2022,1,7,2800,0,200660871
1119309,Take My Breath,The Weeknd,1,2021,8,6,2597,0,130655803
6554843,good 4 u,Olivia Rodrigo,1,2021,5,14,15563,6,1887039593
6145430,"Here We Go��� Again (feat. Tyler, the Cr","The Weeknd, Tyler, The Creator",3,2022,1,7,1420,0,88103848
6386843,Best Friends,The Weeknd,1,2022,1,7,1292,0,101114984
8360758,Kiss Me More (feat. SZA),"SZA, Doja Cat",2,2021,4,9,15867,0,1575467011
7432867,I Heard You're Married (feat. Lil Wayne),"The Weeknd, Lil Wayne",2,2022,1,7,1178,0,91656026
8480431,Need To Know,Doja Cat,1,2021,6,11,6672,0,1042568408
7748090,MONTERO (Call Me By Your Name),Lil Nas X,1,2020,9,18,12329,0,1735441776
2468710,love nwantiti (ah ah ah),Ckay,1,2019,7,26,5669,2,726837877
7175350,Dawn FM,The Weeknd,1,2022,1,7,811,0,53933526
4923571,Surface Pressure,Jessica Darrow,1,2021,11,19,1756,0,267758538
2717112,Starry Eyes,The Weeknd,1,2022,1,7,1014,0,74601456
2636311,THATS WHAT I WANT,Lil Nas X,1,2021,9,17,7963,0,920797189
7068825,One Right Now (with The Weeknd),"The Weeknd, Post Malone",2,2021,11,5,4771,0,539595276
2052397,Beggin,M��ne,1,2017,12,8,8559,0,1367810478
8672552,Mon Amour - Remix,"Aitana, zzoilo",2,2020,9,21,3221,2,578207856
8990379,Lo Siento BB:/ (with Bad Bunny & Julieta Venegas),"Julieta Venegas, Bad Bunny, Tainy",3,2021,10,5,3423,26,775542072
2320654,MONEY,Lisa,1,2021,9,10,2566,13,863625566
1001428,The Motto,"Ti��sto, Ava",2,2021,11,4,9151,6,656013912
5737293,Happier Than Ever,Billie Eilish,1,2021,7,30,8476,0,1056760045
7368008,Moth To A Flame (with The Weeknd),"The Weeknd, Swedish House Mafia",2,2021,10,22,7495,17,611994237
1198357,traitor,"Juan Cruz Toledo, Huilen Toledo",2,2021,5,21,5257,6,1230855859
1266830,Toxic,BoyWithUke,1,2021,9,10,1795,0,582981380
5750956,drivers license,Olivia Rodrigo,1,2021,1,8,12685,3,1858144199
2503884,Malvad��,"Xam��, Gustah, Neo B",3,2021,11,30,648,1,240684449
6719600,All Too Well (10 Minute Version) (Taylor's Version) (From The Vault),Taylor Swift,1,2021,11,12,4635,5,583687007
2038144,Don���t Break My,The Weeknd,1,2022,1,7,1184,0,63803529
2820520,Oh My God,Adele,1,2021,11,19,4431,0,466214729
8941056,Entre Nosotros (Remix) [con Nicki Nicole],"Lit Killah, Maria Becerra, Tiago pzk, NICKI NICOLE",4,2022,1,5,759,3,236940480
3355993,A Tale By Quincy,The Weeknd,1,2022,1,7,733,0,41924466
5311211,I AM WOMAN,Emmy Meli,1,2021,11,18,2795,0,225259194
6759871,Medallo,"Justin Quiles, Lenny Tav��rez, BL",3,2021,10,27,2780,2,393230256
4923214,It'll Be Okay,Shawn Mendes,1,2021,12,1,1950,0,287201015
1471634,Softcore,The Neighbourhood,1,2018,3,9,3947,12,599770206
2106751,Super Gremlin,Kodak Black,1,2021,10,30,2551,0,342779426
5111873,Volv�,"Aventura, Bad Bunny",2,2021,8,3,5375,10,673801126
6721865,Todo De Ti,Rauw Alejandro,1,2020,11,2,11975,8,1168642797
8725160,Love Nwantiti - Remix,"Ckay, AX'EL, Dj Yo!",3,2019,8,30,2696,0,540539717
4439384,Smokin Out The Window,"Bruno Mars, Anderson .Paak, Silk Sonic",3,2021,11,5,4963,0,383550148
2079388,Meet Me At Our Spot,"THE ANXIETY, Willow, Tyler Cole",3,2020,3,13,6734,0,530511203
1297061,Every Angel is Terrifying,The Weeknd,1,2022,1,7,715,0,37307967
4421880,Tacones Rojos,Sebastian Yatra,1,2021,10,22,3047,9,510876816
3252166,Peaches (feat. Daniel Caesar & Giveon),"Justin Bieber, Daniel Caesar, Giveon",3,2021,3,19,14140,0,1445941661
3574464,Dakiti,"Bad Bunny, Jhay Cortez",2,2020,10,30,11215,21,1763363713
3885692,"Tiago PZK: Bzrp Music Sessions, Vol. 48","Bizarrap, Tiago pzk",2,2021,12,29,1678,12,374191487
5810373,L���,Stromae,1,2022,1,9,2035,0,108809090
6352056,Nost��l,"Chris Brown, Rvssian, Rauw Alejandro",3,2021,9,8,2780,2,436695353
4727736,Better Days (NEIKED x Mae Muller x Polo G),"NEIKED, Mae Muller, Polo G",3,2021,9,24,4091,0,421040617
8056641,Life Goes On,Oliver Tree,1,2020,7,17,2868,0,501541661
6575753,Sad Girlz Luv Money Remix (feat. Kali Uchis),"Kali Uchis, Amaarae, Moliy",3,2021,9,16,3643,0,354065229
8452012,Butter,BTS,1,2021,5,21,4779,6,1143647827
1582892,pushin P (feat. Young Thug),"Young Thug, Future, Gunna",3,2022,1,7,3517,0,311395144
4967426,You Right,"Doja Cat, The Weeknd",2,2021,6,24,5073,0,672656250
1289598,deja vu,Olivia Rodrigo,1,2021,4,1,7545,4,1256880657
3745752,Dynamite,BTS,1,2020,8,21,8528,5,1692897992
8333879,TO THE MOON,Jnr Choi,1,2021,11,5,2979,0,245095641
6002262,Lost in the Fire,"The Weeknd, Gesaffelstein",2,2019,1,11,7731,2,686734357
5334385,Salimo de Noche,"Trueno, Tiago pzk",2,2021,10,21,1057,0,261414174
2011518,Volando - Remix,"Sech, Bad Bunny, Mora",3,2021,7,8,3272,19,610045621
7345306,Leave The Door Open,"Bruno Mars, Anderson .Paak, Silk Sonic",3,2021,3,5,14417,0,1115880852
4666772,Knife Talk (with 21 Savage ft. Project Pat),"Drake, Project Pat, 21 Savage",3,2021,9,3,5199,0,594482982
1828042,Don't Be Shy,"Ti��sto, Kar",2,2021,8,1,6026,0,566954746
4061483,Love Grows (Where My Rosemary Goes),Edison Lighthouse,1,1970,1,1,2877,0,BPM110KeyAModeMajorDanceability53Valence75Energy69Acousticness7Instrumentalness0Liveness17Speechiness3
3329363,LA FAMA (with The Weeknd),"The Weeknd, ROSAL�",2,2021,11,11,4640,3,374706940
3559931,The Family Madrigal,"Olga Merediz, Stephanie Beatriz, Encanto - Cast",3,2021,11,19,1150,0,184937148
7332091,Phantom Regret by Jim,The Weeknd,1,2022,1,7,768,0,31959571
7423770,Dos Oruguitas,Sebastian Yatra,1,2021,11,19,925,0,167076418
7435337,Freaks,Surf Curse,1,2015,5,10,3006,3,824420218
2439081,Acapulco,Jason Derulo,1,2021,9,1,3098,0,363467642
2634614,Daddy Issues,The Neighbourhood,1,2015,10,30,9771,4,1127468248
4464368,thought i was playing,"21 Savage, Gunna",2,2022,1,7,807,0,60680939
1640645,ELEVEN,IVE,1,2021,12,1,521,1,247737946
1839223,Mood (feat. Iann Dior),"24kgoldn, Iann Dior",2,2020,7,24,12854,0,1699402402
3657141,What Else Can I Do?,"Stephanie Beatriz, Diane Guerrero",2,2021,11,19,802,0,154797871
2726514,DANCE CRIP,Trueno,1,2021,11,17,731,0,198883004
8715137,Miserable Man,David Kushner,1,2022,1,7,788,0,124407432
7403072,happier,Olivia Rodrigo,1,2021,5,21,3069,4,850608354
2542321,Praise God,Kanye West,1,2021,8,29,4651,0,376333030
5085460,Get Into It (Yuh),Doja Cat,1,2021,6,25,4999,0,516784627
6163158,Before You Go,Lewis Capaldi,1,2019,11,1,8327,24,1608045237
3023667,Sky,Playboi Carti,1,2020,12,25,3297,3,506778838
2237089,Rolling in the Deep,Adele,1,2010,11,29,35684,6,1472799873
3386819,Sobrio,Maluma,1,2021,7,8,3506,10,513643924
5930788,Peru,"Ed Sheeran, Fireboy DML",2,2021,12,23,2999,0,261286503
8096695,favorite crime,Olivia Rodrigo,1,2021,5,21,3681,0,783706581
3393833,Thunder,"Prezioso, Gabry Ponte, LUM!X",3,2021,5,7,4846,10,422691058
3557036,The Business,Ti��,1,2020,1,1,14311,0,1062345656
7298366,positions,Ariana Grande,1,2020,10,23,8207,0,1252563873
5624903,I WANNA BE YOUR SLAVE,M��ne,1,2021,3,19,4873,0,851070493
4169887,Vai L�� Em Casa,"Mar��lia Mendon��a, George Henrique &",2,2021,10,22,772,0,263894529
8744804,The Feels,TWICE,1,2021,10,1,1150,0,345903614
6261319,HEARTBREAK ANNIVERSARY,Giveon,1,2020,2,21,5398,4,951637566
3612400,No Lie,"Sean Paul, Dua Lipa",2,2016,11,18,7370,0,956865266
1513475,OUT OUT (feat. Charli XCX & Saweetie),"Charli XCX, Jax Jones, Joel Corry, Saweetie",4,2021,8,13,6890,0,427486004
3872585,Pope Is a Rockstar,SALES,1,2016,4,20,1966,0,156658366
2835063,2055,Sleepy hallow,1,2021,4,14,2226,0,624515457
4131863,Bored,Billie Eilish,1,2017,3,30,4204,0,777765388
4782067,Happier Than Ever - Edit,Billie Eilish,1,2021,7,28,1959,0,412795151
6047703,Astronaut In The Ocean,Masked Wolf,1,2019,1,1,7191,0,1138474110
4102590,Ley Seca,"Anuel Aa, Jhay Cortez",2,2021,9,2,2012,0,355219175
2643038,Every Summertime,NIKI,1,2021,8,10,1211,2,290228626
5046895,Talking To The Moon,Bruno Mars,1,2010,10,4,7109,2,1062956628
2602763,you broke me first,Tate McRae,1,2020,4,17,6638,0,1180094974
7456153,The Nights,Avicii,1,2014,1,1,17354,8,1456081449
4586215,Take My Breath,The Weeknd,1,2021,8,6,6392,0,432702334
6195210,Way 2 Sexy (with Future & Young Thug),"Drake, Future, Young Thug",3,2021,9,3,5481,0,489945871
4105518,C��,Rauw Alejandro,1,2021,6,25,2636,3,465959382
1367281,Enemy - from the series Arcane League of Legends,"Imagine Dragons, League of Legends, Arcane",3,2021,10,27,824,0,1223481149
2969661,Dance Monkey,Tones and I,1,2019,5,10,24529,0,2864791672
8949659,Lucid Dreams,Juice WRLD,1,2017,6,15,14749,0,2288695111
5498548,Qu�� M��,"J Balvin, Maria Becerra",2,2021,1,28,8087,0,720825549
4152167,All of Me,John Legend,1,2013,8,1,27221,0,2086124197
5615333,Smells Like Teen Spirit - Remastered 2021,Nirvana,1,1991,9,10,49991,9,1690192927
6181977,Arcade,Duncan Laurence,1,2019,3,7,6646,0,991336132
6599493,Fair Trade (with Travis Scott),"Drake, Travis Scott",2,2021,9,3,5403,6,593917618
2582262,Bar,"Tini, L-Gante",2,2021,11,11,755,4,200972675
5922471,The Rumbling (TV Size),SiM,1,2022,1,10,254,0,71014967
5406019,family ties (with Kendrick Lamar),"Kendrick Lamar, Baby Keem",2,2021,8,27,6308,5,560222750
1512850,Mr. Brightside,The Killers,1,2003,9,23,51979,15,1806617704
7822780,Blessed-Cursed,ENHYPEN,1,2022,1,10,246,0,77337771
8454029,AM Remix,"J Balvin, Nio Garcia, Bad Bunny",3,2021,6,24,6556,0,528544703
2092930,Streets,Doja Cat,1,2019,11,7,5728,0,865640097
5074676,Shallow,"Lady Gaga, Bradley Cooper",2,2018,9,27,16636,12,2159346687
4064553,Polaroid Love,ENHYPEN,1,2022,1,10,461,0,211372494
2346155,Leave Before You Love Me (with Jonas Brothers),"Marshmello, Jonas Brothers",2,2021,4,28,4893,4,651732901
5459112,Permission to Dance,BTS,1,2021,7,9,1801,2,608334048
7271843,Friday (feat. Mufasa & Hypeman) - Dopamine Re-Edit,"Riton, Nightcrawlers, Mufasa & Hypeman, Dopamine",4,2021,1,15,12043,0,863756573
5347552,RAPSTAR,Polo G,1,2021,4,9,4731,0,797402345
1486311,Till I Collapse,"Eminem, Nate Dogg",2,2002,5,26,22923,0,1695712020
2635416,Memories,Maroon 5,1,2019,9,20,9974,2,1759567999
1647815,Se Le Ve,"Arcangel, De La Ghetto, Justin Quiles, Lenny Tav��rez, Sech, Dalex, Dimelo Flow, Rich Music",8,2021,8,12,1560,0,223319934
6457168,25k jacket (feat. Lil Baby),"Gunna, Lil Baby",2,2022,1,7,620,0,54937991
4600873,When I���m Gone (with Katy,"Katy Perry, Alesso",2,2021,12,29,3270,0,226897599
1633830,Esque��a-Me Se For C,"Mar��lia Mendon��a, Maiara &",2,2021,10,14,580,0,258316038
1027228,Mi��n,"Tini, Maria Becerra",2,2021,4,29,3406,16,596152090
2407166,S��,"Anuel Aa, Myke Towers, Jhay Cortez",3,2021,11,18,903,0,177129919
2838411,MAMIII,"Karol G, Becky G",2,2022,2,10,6809,28,716591492
2285737,Still D.R.E.,"Dr. Dre, Snoop Dogg",2,1999,1,1,33966,0,1210599487
1461831,Stay Alive (Prod. SUGA of BTS),Jung Kook,1,2022,2,11,590,5,246376690
1906058,Boyfriend,Dove Cameron,1,2022,2,11,3766,0,496311364
1130135,The Joker And The Queen (feat. Taylor Swift),"Ed Sheeran, Taylor Swift",2,2022,2,11,1430,0,146789379
3333614,The Next Episode,"Dr. Dre, Snoop Dogg",2,1999,1,1,31762,0,843309044
7120733,Light Switch,Charlie Puth,1,2022,1,19,4049,0,500340342
1336403,City of Gods,"Kanye West, Alicia Keys, Fivio Foreign",3,2022,2,11,2096,0,107255472
6554322,Brividi,"Mahmood, Blanco",2,2022,2,2,1175,0,135079152
3115886,Lost,Frank Ocean,1,2012,1,1,29499,11,822239726
4918126,In Da Club,50 Cent,1,2002,1,1,30427,7,1202722675
1159428,she's all i wanna be,Tate McRae,1,2022,2,4,2711,0,343197054
8126826,Ginseng Strip 2002,Yung Lean,1,2013,8,16,4310,0,240769997
6792432,All For Us - from the HBO Original Series Euphoria,"Labrinth, Zendaya",2,2019,8,4,5342,0,426204830
1992045,Notion,The Rare Occasions,1,2016,8,5,2393,0,421135627
8290102,Formula,Labrinth,1,2019,10,4,3444,7,554875730
7885122,Mount Everest,Labrinth,1,2019,6,21,5443,0,467727006
2816072,Excuses,"Intense, AP Dhillon, Gurinder Gill",3,2020,7,24,272,4,327498031
7717973,Cigarettes,Juice WRLD,1,2021,12,10,975,0,185408548
7870658,"Cay�� La Noche (feat. Cruz Cafun��, Abhir Hathi, Bejo, EL IMA)","Quevedo, La Pantera, Juseph, Cruz Cafun��, B��jo, Abhir Hathi",7,2022,1,14,1034,1,245400167
2828618,California Love - Original Version (Explicit),"Dr. Dre, 2Pac, Roger",3,1995,12,28,18773,0,579395142
3363172,Forgot About Dre,"Eminem, Dr. Dre",2,1999,1,1,19067,0,675039469
2761463,Down Under (feat. Colin Hay),"Luude, Colin Hay",2,2021,11,19,3541,2,252871192
2003358,Mujeriego,Ryan Castro,1,2021,12,17,1492,0,231996128
5223297,HUMBLE.,Kendrick Lamar,1,2017,3,30,33206,1,1929770265
5694303,Stan,"Eminem, Dido",2,1999,11,21,17115,0,918915401
2744235,Contection,"GODZZ__-, Zakaria",2,2020,1,16,6955,0,1180896317
1386091,Swim,Chase Atlantic,1,2017,10,4,2742,0,498960285
4974042,A Tu Merced,Bad Bunny,1,2020,2,29,4214,11,685071800
3923724,Numb Little Bug,Em Beihold,1,2022,1,28,2026,0,258714692
5418507,212,"Mainstreet, Chefin",2,2022,1,15,352,0,143139338
6427223,Problem�,"Alvaro Diaz, Rauw Alejandro",2,2021,10,22,1517,0,209768491
6213355,Bussin,"Nicki Minaj, Lil Baby",2,2022,2,11,847,0,64714573
3434265,Worst Day,Future,1,2022,2,11,910,0,50746620
3814674,Malvada,Z�� Fe,1,2022,1,28,601,0,154119539
7298940,Hrs and Hrs,Muni Long,1,2021,11,19,1800,0,181328253
6950436,Alien Blues,Vundabar,1,2015,7,24,1930,0,370068639
3181974,Thinking Out Loud,Ed Sheeran,1,2014,1,1,33032,0,2280566092
1647722,Still Don't Know My Name,Labrinth,1,2019,10,4,6332,0,563902868
3521113,Christmas Tree,V,1,2021,12,24,509,9,317622165
3569943,Mal Feito - Ao Vivo,"Mar��lia Mendon��a, Hugo & G",2,2022,1,14,971,2,291709698
2392756,When I R.I.P.,Labrinth,1,2019,10,4,2578,0,203680270
1338081,Do We Have A Problem?,"Nicki Minaj, Lil Baby",2,2022,2,4,1064,0,81350745
1050544,Forever,Labrinth,1,2019,10,4,3618,0,282883169
7165052,Gospel (with Eminem),"Eminem, Dr. Dre",2,2022,2,4,1040,0,64787943
1660982,Se��o,"Shawn Mendes, Camila Cabello",2,2019,6,19,15010,2,2484812918
1322961,NEW MAGIC WAND,"Tyler, The Creator",2,2019,5,16,4708,0,461437791
8483246,Adore You,Harry Styles,1,2019,12,6,13454,1,1439191367
8134740,La Santa,"Daddy Yankee, Bad Bunny",2,2020,2,29,4890,20,759208783
8217918,Something In The Way - Remastered 2021,Nirvana,1,1991,9,24,9514,0,368646862
1904497,Sweetest Pie,"Dua Lipa, Megan Thee Stallion",2,2022,3,11,3501,0,299634472
7860258,Bam Bam (feat. Ed Sheeran),"Camila Cabello, Ed Sheeran",2,2022,3,4,6111,4,756907987
3170547,Una Noche en Medell�,Cris Mj,1,2022,1,21,5415,32,682475162
5145584,Envolver,Anitta,1,2021,11,11,4673,2,546191065
5701355,Starlight,Dave,1,2022,3,3,1856,3,229473310
7700274,Hati-Hati di Jalan,Tulus,1,2022,3,3,200,2,202677468
4703367,"I'm Tired - From ""Euphoria"" An Original HBO Series",Labrinth,1,2022,2,4,1888,0,121913181
8569518,DAN��A,"Mc Pedrinho, Pedro Sampaio",2,2022,2,1,911,2,208166039
1840761,Yo Voy (feat. Daddy Yankee),Zion & Lennox,1,2004,5,4,2954,2,527033089
4265182,"Residente: Bzrp Music Sessions, Vol. 49","Residente, Bizarrap",2,2022,3,3,461,0,94616487
3076130,Jordan,Ryan Castro,1,2021,4,30,2844,2,394030335
3371670,Nail Tech,Jack Harlow,1,2022,2,18,2939,0,193443895
6348243,Chale,Eden Mu��,1,2022,2,18,695,11,299648208
5697442,DARARI,Treasure,1,2022,2,15,328,0,182978249
2153574,Ya No Somos Ni Seremos,Christian Nodal,1,2022,2,18,866,16,319757142
4722538,Thinking with My Dick,"Kevin Gates, Juicy J",2,2013,7,16,1550,0,109091573
2762640,Freaky Deaky,"Tyga, Doja Cat",2,2022,2,25,1729,0,153240879
4551026,this is what falling in love feels like,JVKE,1,2021,9,3,2005,0,346127840
3775590,La Zona,Bad Bunny,1,2020,2,29,1188,0,312622938
3739389,Bohemian Rhapsody - Remastered 2011,Queen,1,1975,10,31,40112,3,2197010679
6824324,Hope,XXXTENTACION,1,2018,3,16,3659,0,1200808494
5370460,Levitating,Dua Lipa,1,2020,3,27,9833,0,797196073
7405938,Wake Me Up - Radio Edit,Avicii,1,2013,1,1,50887,34,1970673297
8835305,"jealousy, jealousy",Olivia Rodrigo,1,2021,5,21,3257,0,665765558
3154799,Mon��y so,YEAT,1,2021,9,10,1473,0,263779030
5355322,Demasiadas Mujeres,C. Tangana,1,2020,10,8,2226,0,339473453
6523480,Something Just Like This,"The Chainsmokers, Coldplay",2,2017,2,22,23375,21,2204080728
5831523,Closer,"The Chainsmokers, Halsey",2,2016,5,31,28032,0,2591224264
2166249,O.O,NMIXX,1,2022,2,22,290,0,135444283
3780370,Somebody That I Used To Know,"Gotye, Kimbra",2,2011,1,1,42798,0,1457139296
2748330,Tom's Diner,"AnnenMayKantereit, Giant Rooks",2,2019,6,28,2605,0,236872197
5663428,First Class,Jack Harlow,1,2022,4,8,8737,0,694525298
6009839,Plan A,Paulo Londra,1,2022,3,23,1105,0,240661097
7724259,Fuera del mercado,Danny Ocean,1,2022,2,17,2499,21,421365166
6390690,X ��LTIMA,"Daddy Yankee, Bad Bunny",2,2022,3,25,2697,1,349746291
4518298,When You're Gone,Shawn Mendes,1,2022,3,31,2092,0,255120451
5191929,In My Head,Lil Tjay,1,2022,4,1,1185,0,190981339
7792660,Wait a Minute!,Willow,1,2015,1,11,11985,0,924193303
8055412,LOVE DIVE,IVE,1,2022,4,5,753,8,305771063
7500786,Pantysito,"Feid, Alejo, Robi",3,2022,3,18,2995,0,273005485
4557678,Chance,Paulo Londra,1,2022,4,6,225,0,89566512
1904373,Cool for the Summer,Demi Lovato,1,2015,1,1,9243,0,677389855
6130665,psychofreak (feat. WILLOW),"Camila Cabello, Willow",2,2022,4,7,918,0,75476209
7429862,Angel Baby,Troye Sivan,1,2021,9,9,1959,9,408843328
2661792,Vampiro,"Matu��, Wiu, ",3,2022,1,30,540,4,187772591
3841850,Si Quieren Frontear,"De La Ghetto, Duki, Quevedo",3,2022,3,31,859,0,178512385
7434389,Right On,Lil Baby,1,2022,4,8,1116,0,101780047
5128815,Me Arrepent�,"Ak4:20, Cris Mj, Pailita",3,2022,3,30,273,2,118381354
6116514,That's Hilarious,Charlie Puth,1,2022,4,8,686,2,146363130
2150360,Soy El Unico,Yahritza Y Su Esencia,1,2022,3,25,226,0,126443991
2987518,RUMBAT�,Daddy Yankee,1,2022,3,25,1264,0,157990698
6577689,sentaDONA (Remix) s2,"Lu��sa Sonza, MC Frog, Dj Gabriel do Borel, Davi K",4,2022,3,17,870,0,176290831
6327262,Falling,Harry Styles,1,2019,12,13,7556,0,1023187129
2102834,Sigue,"Ed Sheeran, J Balvin",2,1996,11,24,1370,0,106933107
1828295,Fim de Semana no Rio,teto,1,2022,3,30,315,2,139193812
3555344,MANIAC,Stray Kids,1,2022,3,18,651,0,212234990
4096612,There's Nothing Holdin' Me Back,Shawn Mendes,1,2016,9,23,12382,0,1714490998
4830246,IDGAF (with blackbear),"Blackbear, BoyWithUke",2,2022,3,18,625,0,197643795
2977289,Golden,Harry Styles,1,2019,12,13,8429,1,807015863
5906167,Get Lucky - Radio Edit,"Pharrell Williams, Nile Rodgers, Daft Punk",3,2013,1,1,52898,0,933815613
5897675,Ain't Shit,Doja Cat,1,2021,6,25,3436,0,499710590
5350195,"Nobody Like U - From ""Turning Red""","Jordan Fisher, Josh Levi, Finneas O'Connell, 4*TOWN (From Disney and Pixar���s Turning Red), Topher Ngo, Grayson Vill",6,2022,2,25,918,0,120847157
3108040,Still Life,BIGBANG,1,2022,4,5,181,0,53909146
5324238,Photograph,Ed Sheeran,1,2014,6,20,18778,3,2236667932
2188178,Love Yourself,Justin Bieber,1,2015,11,9,22730,5,2123309722
1109166,N95,Kendrick Lamar,1,2022,5,13,5542,0,301242089
7173596,About Damn Time,Lizzo,1,2022,4,14,9021,0,723894473
8555603,Die Hard,"Kendrick Lamar, Blxst, Amanda Reifer",3,2022,5,13,4627,0,237351106
8956923,Despu��s de la P,Bad Bunny,1,2022,5,6,2229,0,461558540
2786767,Un Ratito,Bad Bunny,1,2022,5,6,1112,6,417230415
3184472,United In Grief,Kendrick Lamar,1,2022,5,13,2575,0,156898322
6177084,Father Time (feat. Sampha),"Kendrick Lamar, Sampha",2,2022,5,13,3107,0,127309180
4764570,Yo No Soy Celoso,Bad Bunny,1,2022,5,6,1179,0,313113297
1493023,Rich Spirit,Kendrick Lamar,1,2022,5,13,3486,0,173702135
4528930,Cooped Up (with Roddy Ricch),"Post Malone, Roddy Ricch",2,2022,5,12,2942,0,271666301
5617904,Me Fui de Vacaciones,Bad Bunny,1,2022,5,6,1443,0,305650299
2861036,Silent Hill,"Kendrick Lamar, Kodak Black",2,2022,5,13,3028,0,123216717
3122686,La Corriente,"Tony Dize, Bad Bunny",2,2022,5,6,1796,8,479655659
1671724,Count Me Out,Kendrick Lamar,1,2022,5,13,2729,0,126191104
5848183,Andrea,"Buscabulla, Bad Bunny",2,2022,5,6,1195,0,344055883
1532080,Dos Mil 16,Bad Bunny,1,2022,5,6,892,3,338422004
7513238,We Cry Together,"Kendrick Lamar, Taylour Paige",2,2022,5,13,1635,0,68895644
7762851,Savior,"Kendrick Lamar, Sam Dew, Baby Keem",3,2022,5,13,2291,0,86176890
2166194,Un Coco,Bad Bunny,1,2022,5,6,1029,28,403231558
3647986,Otro Atardecer,"Bad Bunny, The Mar��",2,2022,5,6,1681,7,319546754
3186172,Worldwide Steppers,Kendrick Lamar,1,2022,5,13,1480,0,61739839
1633065,Aguacero,Bad Bunny,1,2022,5,6,829,0,283359161
6774092,Purple Hearts,"Kendrick Lamar, Ghostface Killah, Summer Walker",3,2022,5,13,2308,0,76831876
8457557,Un Verano Sin Ti,Bad Bunny,1,2022,5,6,1004,1,283332261
3833877,ULTRA SOLO,"Polima WestCoast, Pailita",2,2022,2,14,1367,0,307752576
2848319,Ens����ame,Bad Bunny,1,2022,5,6,1112,3,279737940
6339593,El Apag�,Bad Bunny,1,2022,5,6,1209,0,212351890
6990936,Callaita,"Bad Bunny, Tainy",2,2019,5,31,9539,15,1304313953
6347306,Dua Lipa,Jack Harlow,1,2022,5,6,1992,0,150500965
4940529,Agosto,Bad Bunny,1,2022,5,6,897,0,246127838
7498965,House Of Memories,Panic! At The Disco,1,2016,1,15,2948,0,582863434
5005107,Mr. Morale,"Kendrick Lamar, Tanna Leone",2,2022,5,13,1860,0,58687425
6062396,That That (prod. & feat. SUGA of BTS),"PSY, Suga",2,2022,4,29,802,0,212109195
4627428,In The Stars,Benson Boone,1,2022,4,29,2224,8,382199619
5264430,Rich - Interlude,Kendrick Lamar,1,2022,5,13,1103,0,41210087
2226206,SUPERMODEL,M��ne,1,2022,5,13,2265,0,231657891
7036044,Stefania (Kalush Orchestra),KALUSH,1,2022,3,10,555,0,53729194
8779560,Thousand Miles,The Kid Laroi,1,2022,4,22,2050,0,244741137
7556948,Crown,Kendrick Lamar,1,2022,5,13,1493,0,42485571
1713130,Auntie Diaries,Kendrick Lamar,1,2022,5,13,1545,0,37778188
1545230,PUFFIN ON ZOOTIEZ,Future,1,2022,4,29,2350,0,254218729
5087776,Mirror,Kendrick Lamar,1,2022,5,13,1929,0,53603447
1593131,Beautiful Girl,Luciano,1,2022,4,22,710,4,160035717
4487193,"Paulo Londra: Bzrp Music Sessions, Vol. 23","Bizarrap, Paulo Londra",2,2022,4,25,928,0,164163229
3635714,Savior - Interlude,Kendrick Lamar,1,2022,5,13,1194,0,37091576
6829928,Pasoori,"Shae Gill, Ali Sethi",2,2022,2,6,349,6,284249832
2612867,Mother I Sober (feat. Beth Gibbons of Portishead),"Kendrick Lamar, Beth Gibbons",2,2022,5,13,1890,0,33381454
2142936,TUS L��GR,"Sech, Mora",2,2022,4,1,1308,2,184622518
6429519,Where Did You Go?,"MNEK, Jax Jones",2,2022,1,26,4531,0,300983101
2830739,I Tried to Tell Y'all,"Ugly Dray, Tesla Jnr",2,2022,5,6,1657,0,121077868
2442031,Honest (feat. Don Toliver),"Justin Bieber, Don Toliver",2,2022,4,29,1351,0,106919680
5975489,ZOOM,Jessi,1,2022,4,13,608,0,136996305
8033263,SloMo,Chanel,1,2021,12,24,1211,0,65719930
8654169,FEARLESS,LE SSERAFIM,1,2022,5,2,629,0,229497852
6642483,10 Things I Hate About You,Leah Kate,1,2022,3,23,1301,0,185550869
1230186,SPACE MAN,Sam Ryder,1,2022,2,22,1329,0,54682594
8272175,With you,"HA SUNG WOON, Jimin",2,2022,4,24,343,2,240580042
8262886,Iris,The Goo Goo Dolls,1,1998,3,31,13101,9,1284942608
6509365,The Heart Part 5,Kendrick Lamar,1,2022,5,8,2939,0,71423324
5400474,San Lucas,Kevin Kaarl,1,2019,11,7,407,1,244891912
6107475,This Love (Taylor���s Ve,Taylor Swift,1,2022,5,6,1492,0,132171975
4824782,Good Looking,Suki Waterhouse,1,2017,10,20,2264,0,184706613
3933523,Flowers,Lauren Spencer Smith,1,2021,8,9,801,0,184826429
4070434,Yet To Come,BTS,1,2022,6,10,829,0,302006641
5477581,Run BTS,BTS,1,2022,6,10,736,0,330881149
1041777,Music For a Sushi Restaurant,Harry Styles,1,2022,5,20,4449,1,334733572
5154676,Matilda,Harry Styles,1,2022,5,20,3218,3,366214458
4618597,For Youth,BTS,1,2022,6,10,327,0,114546317
1436447,Daylight,Harry Styles,1,2022,5,20,2775,0,290833204
7321459,Vegas (From the Original Motion Picture Soundtrack ELVIS),Doja Cat,1,2022,5,6,4576,0,448500832
7688790,Cash In Cash Out,"Pharrell Williams, Tyler, The Creator, 21 Savage",4,2022,6,10,2313,0,136676504
3169976,Potion (with Dua Lipa & Young Thug),"Calvin Harris, Dua Lipa, Young Thug",3,2022,5,27,3983,0,190625045
4845139,Born Singer,BTS,1,2022,6,10,279,0,79095270
2307433,Little Freak,Harry Styles,1,2022,5,20,2302,0,273194684
7220913,La Llevo Al Cielo (Ft. ��engo F,"Nengo Flow, Anuel Aa, Chris Jedi, Chencho Corleone",4,2022,5,20,3559,3,333146475
7503630,True Love,"Kanye West, XXXTENTACION",2,2022,5,27,2129,0,194902696
4505539,Satellite,Harry Styles,1,2022,5,20,3291,5,311482393
8729578,Pass The Dutchie,Musical Youth,1,1982,1,1,5328,0,195918494
4012549,"Villano Antillano: Bzrp Music Sessions, Vol. 51","Bizarrap, Villano Antillano",2,2022,6,8,1401,0,248511839
6193307,Love Of My Life,Harry Styles,1,2022,5,20,1933,0,233671263
8507943,Grapejuice,Harry Styles,1,2022,5,20,1986,0,199587884
2230668,So Good,Halsey,1,2022,6,9,1057,0,91781263
3380441,Belly Dancer,"BYOR, Imanbek",2,2022,2,18,5115,13,383835984
2079115,Keep Driving,Harry Styles,1,2022,5,20,2094,1,236060709
7697062,Cinema,Harry Styles,1,2022,5,20,2171,0,189236868
1771212,Die Young (feat. 347aidan),"Sleepy hallow, 347aidan",2,2022,5,25,896,0,160845341
2061482,Only Love Can Hurt Like This,Paloma Faith,1,2014,1,1,5148,0,588955257
8238387,Hold My Hand,Lady Gaga,1,2022,5,3,2528,0,238350348
7543802,Daydreaming,Harry Styles,1,2022,5,20,1900,1,187703102
5409588,Numb,"Marshmello, Khalid",2,2022,6,10,3879,2,295307001
3786238,Nos Comemos (feat. Ozuna),"Ozuna, Tiago pzk",2,2022,6,2,896,0,138334433
4944285,Me and Your Mama,Childish Gambino,1,2016,11,10,8775,0,445590495
4342968,Crazy What Love Can Do,"David Guetta, Ella Henderson, Becky Hill",3,2022,3,18,5290,0,286739476
2699923,SLOW DANCING IN THE DARK,Joji,1,2018,9,12,10211,0,1122364376
5141433,Antes de Perderte,Duki,1,2022,6,2,584,8,157136970
4671002,Boyfriends,Harry Styles,1,2022,5,20,1517,0,137070925
1539892,295,Sidhu Moose Wala,1,2021,5,15,246,4,183273246
2645476,Tak Ingin Usai,Keisya Levronka,1,2022,5,13,220,4,184807630
4809507,En El Radio Un Cochinero,Victor Cibrian,1,2022,5,13,514,0,164856284
1024668,Master of Puppets (Remastered),Metallica,1,1986,3,3,6080,0,704171068
8121763,BREAK MY SOUL,Beyonc�,1,2022,6,21,9724,0,354614964
8090551,ULTRA SOLO REMIX,"De La Ghetto, Feid, Polima WestCoast, Paloma Mami, Pailita",5,2022,6,16,2341,0,279717388
7531207,Massive,Drake,1,2022,6,17,5263,0,195628667
6549461,Betty (Get Money),Yung Gravy,1,2022,6,10,2402,0,221752937
1392259,Ojos Marrones,Lasso,1,2022,2,6,795,11,263280370
7629327,POP!,Nayeon,1,2022,6,24,571,0,213505179
6644972,Layla,"Sch��rze, DJ R",2,2022,3,24,832,3,130419412
5678676,MORE,j-hope,1,2022,7,1,565,0,155795783
7080917,Sweet Child O' Mine,Guns N' Roses,1,1987,1,1,41231,1,1553497987
8555295,Last Last,Burna Boy,1,2022,5,12,4526,12,293466523
3814670,SNAP,Rosa Linn,1,2022,3,19,1818,0,711366595
6670857,Sticky,Drake,1,2022,6,17,2814,0,191448892
6621439,Hot Shit (feat. Ye & Lil Durk),"Kanye West, Lil Durk, Cardi B",3,2022,7,1,1601,0,85924992
3070266,Ai Preto,"L7nnon, DJ Biel do Furduncinho, Bianca",3,2022,6,3,894,4,176103902
5565096,La Loto,"Anitta, Tini, Becky G",3,2022,7,6,945,0,121189256
6191375,die first,Nessa Barrett,1,2022,6,24,767,0,131746175
4566008,Afraid To Feel,LF System,1,2022,5,2,5898,5,244790012
8917301,Baile no Morro,"Mc Vitin Da Igrejinha, MC Tairon, DJ Win",3,2022,6,10,685,2,129314708
7502400,c��mo dormi,Rels B,1,2022,8,4,1452,35,331511413
6270180,Bad Decisions (with BTS & Snoop Dogg),"Snoop Dogg, BTS, Benny Blanco",3,2022,8,5,1456,0,219196651
6485441,STAYING ALIVE (feat. Drake & Lil Baby),"Drake, DJ Khaled, Lil Baby",3,2022,8,5,2107,0,170732845
2797126,Caile,Luar La L,1,2020,12,18,1494,2,273914335
6604479,Si Te La Encuentras Por Ah�,Feid,1,2022,8,5,1379,4,179061440
5686736,GIVENCHY,Duki,1,2022,7,20,625,4,185236961
5337859,ALIEN SUPERSTAR,Beyonc�,1,2022,7,29,2688,0,171788484
6373026,Mary On A Cross,Ghost,1,2019,9,13,2668,2,387080183
5724140,Attention,NewJeans,1,2022,8,1,799,12,264717480
6403499,THE SHADE,Rex Orange County,1,2022,3,11,1189,6,244928911
8171348,"Come Back Home - From ""Purple Hearts""",Sofia Carson,1,2022,7,12,367,0,97610446
6364406,El Rescate,"Grupo Marca Registrada, Junior H",2,2022,7,22,527,4,287278853
8455676,Heartless,Kanye West,1,2008,1,1,17504,34,887906111
2489568,"Stay With Me (with Justin Timberlake, Halsey, & Pharrell)","Calvin Harris, Halsey, Pharrell Williams, Justin Timberlake",4,2022,7,15,3113,0,123473120
7158907,Siempre Pendientes,"Peso Pluma, Luis R Conriquez",2,2022,8,15,685,5,295152154
8174616,JGL,"Luis R Conriquez, La Adictiva",2,2022,2,18,782,9,323455692
2773298,Don't You Worry,"David Guetta, Shakira, Black Eyed Peas",3,2022,6,16,2442,0,240918092
6046483,Pipoco,"Melody, Ana Castela, Dj Chris No Beat",3,2022,5,20,1112,4,191873381
1346774,Hold Me Closer,"Elton John, Britney Spears",2,2017,11,10,4967,0,284216603
8693885,Forget Me,Lewis Capaldi,1,2022,9,9,2520,4,239411309
2357691,After LIKE,IVE,1,2022,8,22,767,12,265548837
3968436,Bound 2,Kanye West,1,2013,1,1,19806,7,703301727
4130067,B.O.T.A. (Baddest Of Them All) - Edit,"Interplanetary Criminal, Eliza Rose",2,2022,6,15,5153,6,244585109
4363557,Talk that Talk,TWICE,1,2022,8,26,615,0,189476119
3284752,BILLIE EILISH.,Armani White,1,2022,1,20,2537,0,277132266
2939499,Ferxxo 100,Feid,1,2022,6,3,1647,30,278920007
2352439,KU LO SA - A COLORS SHOW,Oxlade,1,2022,6,10,2019,8,222410722
5283123,Prohibidox,Feid,1,2022,9,13,1473,12,185392587
4758406,Static,Steve Lacy,1,2022,7,15,1613,0,202452860
7890756,The Scientist,Coldplay,1,2002,8,5,30992,6,1608164312
2059327,Sparks,Coldplay,1,2000,7,10,10826,4,624101957
5086845,Talk,YEAT,1,2022,9,2,920,0,148461629
3827200,XQ Te Pones As�,"Yandel, Feid",2,2022,9,13,308,0,47093942
3210546,Selfish,PnB Rock,1,2016,6,23,2468,0,380319238
3317105,Sin Se��,"Ovy On The Drums, Quevedo",2,2022,7,22,1097,2,209106362
7512111,Lady Mi Amor,Feid,1,2022,9,13,330,0,53987404
1532170,Poland,Lil Yachty,1,2022,6,23,1584,0,115331792
6321372,THE LONELIEST,M��ne,1,2022,10,7,1585,5,225093344
8143341,Bye Bye,"Marshmello, Juice WRLD",2,2022,10,14,766,0,84697729
6026926,BABY OTAKU,"Fran C, Polima WestCoast, Nickoog Clk, Pablito Pesadilla",4,2022,8,18,836,0,159240673
7691321,Nxde,(G)I-DLE,1,2022,10,17,430,6,170709584
7807270,Miss You,Southstar,1,1982,5,16,2020,0,154356956
5476124,we fell in love in october,girl in red,1,2018,11,21,6858,0,723043854
4579313,2 Be Loved (Am I Ready),Lizzo,1,2022,7,14,3682,6,247689123
3533833,Celestial,Ed Sheeran,1,2022,9,29,1639,0,176474912
5095829,Typa Girl,BLACKPINK,1,2022,9,16,452,10,235549288
7243247,I Really Want to Stay at Your House,"Rosa Walton, Hallie Coggins",2,2020,12,18,668,1,140430339
3476652,California Breeze,Lil Baby,1,2022,10,14,991,0,85559365
7654973,Bamba (feat. Aitch & BIA),"Luciano, Aitch, B�",3,2022,9,22,869,7,146223492
1769305,Casei Com a Putaria,"MC Ryan SP, Love Funk, Mc Paiva ZS",3,2022,7,1,648,4,187701588
5974857,Major Distribution,"Drake, 21 Savage",2,2022,11,4,1545,0,154863153
2598352,Pussy & Millions (feat. Travis Scott),"Drake, Travis Scott, 21 Savage",3,2022,11,4,1930,0,191333656
7270435,Vigilante Shit,Taylor Swift,1,2022,10,21,1948,0,253650850
5899602,Question...?,Taylor Swift,1,2022,10,21,1608,0,223064273
3035987,On BS,"Drake, 21 Savage",2,2022,11,4,1338,0,170413877
6590514,Mastermind,Taylor Swift,1,2022,10,21,1936,0,218320587
3506706,Circo Loco,"Drake, 21 Savage",2,2022,11,4,1794,0,141720999
6372213,Labyrinth,Taylor Swift,1,2022,10,21,1597,0,187339835
1438195,Spin Bout U,"Drake, 21 Savage",2,2022,11,4,1652,2,198365537
1386595,Sweet Nothing,Taylor Swift,1,2022,10,21,1747,0,186104310
8471839,"Would've, Could've, Should've",Taylor Swift,1,2022,10,21,1715,0,177503916
3984533,Con La Brisa,"Ludwig Goransson, Foudeqush",2,2022,11,4,486,0,71095708
4322356,Privileged Rappers,"Drake, 21 Savage",2,2022,11,4,1007,0,112436403
4343383,The Astronaut,Jin,1,2022,10,28,481,9,203436468
3108815,BackOutsideBoyz,Drake,1,2022,11,4,1045,0,93367537
8174233,Broke Boys,"Drake, 21 Savage",2,2022,11,4,1060,0,106249219
1587452,The Great War,Taylor Swift,1,2022,10,21,1274,0,181382590
3476877,My Mind & Me,Selena Gomez,1,2022,11,3,953,0,91473363
2341529,Bigger Than The Whole Sky,Taylor Swift,1,2022,10,21,1180,0,121871870
8553734,A Veces (feat. Feid),"Feid, Paulo Londra",2,2022,11,3,573,0,73513683
6773043,En La De Ella,"Feid, Sech, Jhayco",3,2022,10,20,1320,0,133895612
6728037,Alone,Burna Boy,1,2022,11,4,782,2,96007391